Workbook

Sheet WBS_Main
B2: Phase | C2: Module | D2: Task | E2: Deliverable | F2: 담당자 | G2: Start | H2: End | I2: 기간(일) | J2: Progress(%) | K2: 상태 | L2: 비고
B3: A | C3: Kick-off | D3: 팀 구성 및 역할분담 | E3: Kick-off Minutes/일정표 | F3: M,C | G3: 45960 | H3: 45960 | I3: =H3-G3+1 -> 1 | J3: 1 | K3: =IF(J3>=1,"완료",IF(J3>=0.1,"진행중","예정")) -> 완료
B4: A | C4: 기술검토/리서치 | D4: OCR/AI 기술 사전분석 | E4: Tech Review | F4: Y,C | G4: 45961 | H4: 45961 | I4: =H4-G4+1 -> 1 | J4: 1 | K4: =IF(J4>=1,"완료",IF(J4>=0.1,"진행중","예정")) -> 완료
B5: A | C5: 리서치 | D5: 보험사 OCR/AI 사례 리서치 | E5: 사례 리서치 | F5: Y,C | G5: 45961 | H5: 45961 | I5: =H5-G5+1 -> 1 | J5: 1 | K5: =IF(J5>=1,"완료",IF(J5>=0.1,"진행중","예정")) -> 완료 | L5: 삼성화재, AIA, 업계동향 등
B6: B | C6: AS-IS 분석/Pain Point | D6: 보험 청구 문서 처리 프로세스 분석 | E6: AS-IS Process Map/Pain Point | F6: Y,M,C | G6: 45961 | H6: 45961 | I6: 1 | J6: 1 | K6: =IF(J6>=1,"완료",IF(J6>=0.1,"진행중","예정")) -> 완료 | L6: 중간발표 전 정리
B7: B | C7: 프로젝트 계획서 | D7: 프로젝트 계획서 작성 | E7: 프로젝트 계획서 | F7: M | G7: 45964 | H7: 45964 | I7: 1 | J7: 1 | K7: =IF(J7>=1,"완료",IF(J7>=0.1,"진행중","예정")) -> 완료 | L7: 15시 발표
B8: C | C8: TO-BE 설계 | D8: 자동화 시나리오 및 DB 스키마 정의 | E8: TO-BE Map / DB 테이블 구조 | F8: Y,M,C | G8: 45964 | H8: 45965 | I8: =H8-G8+1 -> 2 | J8: 1 | K8: =IF(J8>=1,"완료",IF(J8>=0.1,"진행중","예정")) -> 완료 | L8: 검증 로직 포함
B9: C | C9: 고객 데이터 설계 | D9: 고객정보 생성 | E9: Raw_고객정보 | F9: Y,M,C | G9: 45964 | H9: 45965 | I9: 2 | J9: 1 | K9: =IF(J9>=1,"완료",IF(J9>=0.1,"진행중","예정")) -> 완료
B10: C | C10: OCR PoC | D10: OCR/DB 기술 작동 테스트 | E10: PoC Test Report | F10: Y,M,C | G10: 45964 | H10: 45965 | I10: =H10-G10+1 -> 2 | J10: 1 | K10: =IF(J10>=1,"완료",IF(J10>=0.1,"진행중","예정")) -> 완료 | L10: 정확도 점검
B11: D | C11: MVP 기능 구현 | D11: 보험 청구서 OCR 텍스트 추출 및 DB 대조 자동 검증 프로토타입 구현 | E11: MVP Prototype(고객용,파워유저용) | F11: Y,M,C | G11: 45965 | H11: 45966 | I11: =H11-G11+1 -> 2 | J11: 1 | K11: =IF(J11>=1,"완료",IF(J11>=0.1,"진행중","예정")) -> 완료 | L11: streamlit로 프로토타입 구현
B12: D | C12: Streamlit UI | D12: DB 검증 및 시각화 구현 | E12: MVP Prototype(고객용) | F12: Y,M,C | G12: 45965 | H12: 45966 | I12: =H12-G12+1 -> 2 | J12: 1 | K12: =IF(J12>=1,"완료",IF(J12>=0.1,"진행중","예정")) -> 완료 | L12: figma로 고객 화면 구현
B13: D | C13: 보고서 | D13: 최종발표자료 제작 | E13: Final PPT | F13: C | G13: 45966 | H13: 45967 | I13: =H13-G13+1 -> 2 | J13: 1 | K13: =IF(J13>=1,"완료",IF(J13>=0.1,"진행중","예정")) -> 완료 | L13: 11/6 16시 최종 발표
F14: * M : 김민석 Y : 김예림 C : 정예찬

Sheet Timeline_Gantt
B2: Phase | C2: Module | D2: Task | E2: 담당자 | F2: Start | G2: End | H2: 10/30(목) | I2: 10/31(금) | J2: 11/3(월) | K2: 11/4(화) | L2: 11/5(수) | M2: 11/6(목)
B3: A | C3: Kick-off | D3: 팀 구성 및 역할분담 | E3: M,C | F3: 45960 | G3: 45960
B4: A | C4: 기술검토/리서치 | D4: OCR/AI 기술 사전분석 | E4: Y,C | F4: 45961 | G4: 45961
B5: A | C5: 리서치 | D5: 보험사 OCR/AI 사례 리서치 | E5: Y,C | F5: 45961 | G5: 45961
B6: B | C6: AS-IS 분석/Pain Point | D6: 보험 청구 문서 처리 프로세스 분석 | E6: Y,M,C | F6: 45961 | G6: 45964
B7: B | C7: 프로젝트 계획서 | D7: 프로젝트 계획서 작성 | E7: M | F7: 45964 | G7: 45964
B8: C | C8: TO-BE 설계 | D8: 자동화 시나리오 및 DB 스키마 정의 | E8: Y,M,C | F8: 45964 | G8: 45964
B9: C | C9: 고객 데이터 설계 | D9: 고객정보 생성 | E9: Y,M,C | F9: 45964 | G9: 45965
B10: C | C10: OCR PoC | D10: OCR/DB 기술 작동 테스트 | E10: Y,M,C | F10: 45964 | G10: 45965
B11: D | C11: MVP 기능 구현 | D11: 보험 청구서 OCR 텍스트 추출 및 DB 대조 자동 검증 프로토타입 구현 | E11: Y,M,C | F11: 45965 | G11: 45966
B12: D | C12: Streamlit UI | D12: DB 검증 및 시각화 구현 | E12: Y,M,C | F12: 45965 | G12: 45966
B13: D | C13: 보고서 | D13: 최종발표자료 제작 | E13: C | F13: 45966 | G13: 45967
E14: * M : 김민석 Y : 김예림 C : 정예찬
D15: Legend: | E15: A 착수 | F15: B 분석/설계 | G15: C 구현 | H15: D 보고 | I15: 11/3 중간발표 | J15: 11/6 최종발표

Sheet Dashboard
B2: 지표 | C2: 값
B3: 총 작업 수 | C3: =COUNTA(WBS_Main!D3:D13) -> 11
B4: 완료(개) | C4: =COUNTIF(WBS_Main!K3:K13,"완료") -> 11
B5: 진행중(개) | C5: =COUNTIF(WBS_Main!K3:K13,"진행중") -> 0
B6: 예정(개) | C6: =COUNTIF(WBS_Main!K3:K13,"예정") -> 0
B7: 평균 진행률 | C7: =AVERAGE(WBS_Main!J3:J13) -> 1
